[
    {
        "anonymous": false,
        "inputs": [
            {
                "indexed": true,
                "internalType": "address",
                "name": "user",
                "type": "address"
            },
            {
                "indexed": false,
                "internalType": "uint256",
                "name": "timestamp",
                "type": "uint256"
            },
            {
                "indexed": false,
                "internalType": "string",
                "name": "fileHash",
                "type": "string"
            }
        ],
        "name": "MedicalFileAdded",
        "type": "event"
    },
    {
        "anonymous": false,
        "inputs": [
            {
                "indexed": true,
                "internalType": "address",
                "name": "user",
                "type": "address"
            },
            {
                "indexed": false,
                "internalType": "string",
                "name": "name",
                "type": "string"
            },
            {
                "indexed": false,
                "internalType": "uint256",
                "name": "age",
                "type": "uint256"
            },
            {
                "indexed": false,
                "internalType": "string",
                "name": "bloodType",
                "type": "string"
            },
            {
                "indexed": false,
                "internalType": "string",
                "name": "medicalHistory",
                "type": "string"
            },
            {
                "indexed": false,
                "internalType": "string",
                "name": "allergies",
                "type": "string"
            }
        ],
        "name": "ProfileCreated",
        "type": "event"
    },
    {
        "anonymous": false,
        "inputs": [
            {
                "indexed": true,
                "internalType": "address",
                "name": "user",
                "type": "address"
            },
            {
                "indexed": false,
                "internalType": "string",
                "name": "name",
                "type": "string"
            },
            {
                "indexed": false,
                "internalType": "uint256",
                "name": "age",
                "type": "uint256"
            },
            {
                "indexed": false,
                "internalType": "string",
                "name": "bloodType",
                "type": "string"
            },
            {
                "indexed": false,
                "internalType": "string",
                "name": "medicalHistory",
                "type": "string"
            },
            {
                "indexed": false,
                "internalType": "string",
                "name": "allergies",
                "type": "string"
            }
        ],
        "name": "ProfileUpdated",
        "type": "event"
    },
    {
        "inputs": [
            {
                "internalType": "string",
                "name": "_fileHash",
                "type": "string"
            },
            {
                "internalType": "bool",
                "name": "_isImage",
                "type": "bool"
            }
        ],
        "name": "addMedicalFile",
        "outputs": [],
        "stateMutability": "nonpayable",
        "type": "function"
    },
    {
        "inputs": [
            {
                "internalType": "string",
                "name": "_name",
                "type": "string"
            },
            {
                "internalType": "uint256",
                "name": "_age",
                "type": "uint256"
            },
            {
                "internalType": "string",
                "name": "_bloodType",
                "type": "string"
            },
            {
                "internalType": "string",
                "name": "_medicalHistory",
                "type": "string"
            },
            {
                "internalType": "string",
                "name": "_allergies",
                "type": "string"
            }
        ],
        "name": "createUserProfile",
        "outputs": [],
        "stateMutability": "nonpayable",
        "type": "function"
    },
    {
        "inputs": [
            {
                "internalType": "address",
                "name": "_organization",
                "type": "address"
            }
        ],
        "name": "grantAccess",
        "outputs": [],
        "stateMutability": "nonpayable",
        "type": "function"
    },
    {
        "inputs": [
            {
                "internalType": "address",
                "name": "_organization",
                "type": "address"
            }
        ],
        "name": "revokeAccess",
        "outputs": [],
        "stateMutability": "nonpayable",
        "type": "function"
    },
    {
        "inputs": [
            {
                "internalType": "string",
                "name": "_name",
                "type": "string"
            },
            {
                "internalType": "uint256",
                "name": "_age",
                "type": "uint256"
            },
            {
                "internalType": "string",
                "name": "_bloodType",
                "type": "string"
            },
            {
                "internalType": "string",
                "name": "_medicalHistory",
                "type": "string"
            },
            {
                "internalType": "string",
                "name": "_allergies",
                "type": "string"
            }
        ],
        "name": "updateUserProfile",
        "outputs": [],
        "stateMutability": "nonpayable",
        "type": "function"
    },
    {
        "inputs": [],
        "name": "viewMedicalFiles",
        "outputs": [
            {
                "components": [
                    {
                        "internalType": "uint256",
                        "name": "timestamp",
                        "type": "uint256"
                    },
                    {
                        "internalType": "string",
                        "name": "fileHash",
                        "type": "string"
                    },
                    {
                        "internalType": "bool",
                        "name": "isImage",
                        "type": "bool"
                    }
                ],
                "internalType": "struct HealthProfile.MedicalFile[]",
                "name": "",
                "type": "tuple[]"
            }
        ],
        "stateMutability": "view",
        "type": "function"
    },
    {
        "inputs": [
            {
                "internalType": "uint256",
                "name": "_startTime",
                "type": "uint256"
            },
            {
                "internalType": "uint256",
                "name": "_endTime",
                "type": "uint256"
            }
        ],
        "name": "viewMedicalFilesByTime",
        "outputs": [
            {
                "components": [
                    {
                        "internalType": "uint256",
                        "name": "timestamp",
                        "type": "uint256"
                    },
                    {
                        "internalType": "string",
                        "name": "fileHash",
                        "type": "string"
                    },
                    {
                        "internalType": "bool",
                        "name": "isImage",
                        "type": "bool"
                    }
                ],
                "internalType": "struct HealthProfile.MedicalFile[]",
                "name": "",
                "type": "tuple[]"
            }
        ],
        "stateMutability": "view",
        "type": "function"
    },
    {
        "inputs": [],
        "name": "viewOwnProfile",
        "outputs": [
            {
                "internalType": "string",
                "name": "",
                "type": "string"
            },
            {
                "internalType": "uint256",
                "name": "",
                "type": "uint256"
            },
            {
                "internalType": "string",
                "name": "",
                "type": "string"
            },
            {
                "internalType": "string",
                "name": "",
                "type": "string"
            },
            {
                "internalType": "string",
                "name": "",
                "type": "string"
            }
        ],
        "stateMutability": "view",
        "type": "function"
    },
    {
        "inputs": [
            {
                "internalType": "address",
                "name": "_user",
                "type": "address"
            }
        ],
        "name": "viewPaitentMedicalFiles",
        "outputs": [
            {
                "components": [
                    {
                        "internalType": "uint256",
                        "name": "timestamp",
                        "type": "uint256"
                    },
                    {
                        "internalType": "string",
                        "name": "fileHash",
                        "type": "string"
                    },
                    {
                        "internalType": "bool",
                        "name": "isImage",
                        "type": "bool"
                    }
                ],
                "internalType": "struct HealthProfile.MedicalFile[]",
                "name": "",
                "type": "tuple[]"
            }
        ],
        "stateMutability": "view",
        "type": "function"
    },
    {
        "inputs": [
            {
                "internalType": "address",
                "name": "_user",
                "type": "address"
            }
        ],
        "name": "viewPaitentProfile",
        "outputs": [
            {
                "internalType": "string",
                "name": "",
                "type": "string"
            },
            {
                "internalType": "uint256",
                "name": "",
                "type": "uint256"
            },
            {
                "internalType": "string",
                "name": "",
                "type": "string"
            },
            {
                "internalType": "string",
                "name": "",
                "type": "string"
            },
            {
                "internalType": "string",
                "name": "",
                "type": "string"
            }
        ],
        "stateMutability": "view",
        "type": "function"
    }
]